"UniProt","name","direction","importance"
"Q9HBM1","SPC25","up",0.536577231778862
"Q08708","CLM6","down",0.493681448207572
"O00559","RCAS1","up",0.473878045651539
"Q8NBL1","KTEL1","up",0.461220396651978
"Q8WWW0","RASF5","up",0.440883424178233
"Q5VU65","P210L","down",0.435436805308126
"Q6UXK5","LRRN1:CD","up",0.433532995289263
"Q13637","RAB32","down",0.42527901339126
"P78344","IF4G2","down",0.42375327941554
"Q15007","FL2D","down",0.407163200864924
"Q96RJ3","BAFF Receptor","down",0.403631963454598
"Q9Y2H0","DLGP4","down",0.402580208414271
"P20674","COX5A","up",0.396467258261258
"Q92890","UFD1","down",0.385756871817341
"Q9P2W7","B3GA1","up",0.384550398835241
"O75347","TBCA","down",0.377380449952142
"Q02083","ASAHL","down",0.377232007348752
"P34897","GLYM","down",0.375209651345788
"Q96G28","CFA36","down",0.37276310950074
"O00625","PIR","down",0.372461882277341
"Q9BYD6","RM01","down",0.370449305977302
"O43399","TPD54","down",0.364332824390176
"A1A4F0","CC055","up",0.364219514823021
"P08195.1",NA,"down",0.363176113911994
"O00602","FCN1","down",0.363021911879613
"P26196","DDX6","down",0.362637259922656
"Q9Y613","FHOD1","down",0.362627857452509
"Q16623.1",NA,"down",0.362578528437905
"P0DJI8","SAA","down",0.359224816870932
"P21246","PTN","down",0.357351219511251
"Q9UJC5","SH3L2","down",0.357049575867634
"P14061","17-beta-HSD 1","up",0.356806526456505
"Q8IXI2","MIRO1","down",0.354270346325723
"P35606","COPB2","down",0.346866232124081
"P47929","Galectin-7","down",0.346787503512448
"P61018","RAB4B","down",0.344831545162149
"Q96I24","FUBP3","up",0.341031582640008
"O95926","SYF2","up",0.339959680063904
"Q9NUQ8","ABCF3","up",0.337766297735547
"P01137","TGF-b1","up",0.337447683360734
"P13726","TF","up",0.336588460339115
"Q08050","FOXM1","up",0.330512353895562
"P17677","NEUM","down",0.328810349776575
"P18859","CF6","up",0.327803600086193
"P28838","LAP","down",0.325599405245227
"P36404","ARL2","down",0.324832767774621
"Q8WU20","FRS2","up",0.324405842347258
"Q9Y606","TRUA","up",0.322418783920735
"P26639","SYTC","down",0.321624159315418
"Q9Y376","CAB39","down",0.318957243961532
"Q6BAA4","FCRLB","down",0.318702638641834
"Q92608","DOCK2","up",0.318253987223594
"Q9NS18","GLRX2","up",0.317670029437691
"P19105","MLRM","down",0.31600236925892
"Q07960.1",NA,"up",0.313689480674583
"P07948","LYNB","down",0.313500215135958
"P17252","PKC-A","down",0.31227997923916
"O14737","TFAR19","down",0.31227997923916
"Q6PKC3.1",NA,"up",0.311554486175821
"Q8NHR7","TERB2","up",0.310857480009509
"Q9H7Z7","PGES2","up",0.309426894515701
"Q9HAV7","GRPE1","up",0.309426894515701
"Q9NPJ3","ACO13","down",0.309299203475655
"P13501.1",NA,"down",0.309088536395329
"Q6IBS0","TWF2","down",0.308658360159563
"Q9NRM6.1",NA,"up",0.306891436954486
"Q92952","KCNN1","down",0.306035771165242
"Q92802","N42L2","up",0.304824476373601
"Q9UBQ0","VPS29","down",0.303238392950699
"Q9NSI8","SAMN1","up",0.303020743372626
"P05231.1",NA,"up",0.302190934740153
"P21283","VATC1","down",0.302091854578275
"P01229.P01215",NA,"down",0.301943607213335
"P22888","LSHR","down",0.301752438140075
"Q96LA5","FCRL2","up",0.301661266170371
"Q96GD3","SCMH1","up",0.301459965470654
"Q99584","S100A13","down",0.301128388349985
"Q9H0V9","LMA2L","up",0.300789056450272
"Q15907","RB11B","down",0.300747161003393
"P20138","Siglec-3","up",0.300050532716655
"O75915","PRAF3","down",0.298543524219133
"P13501","RANTES","down",0.298017134799209
"Q9H3U1","UN45A","up",0.297809837020925
"O75830","SPI2","down",0.296210595397328
"Q9NWS0","PIHD1","down",0.295017252710728
"Q05193","Dynamin","down",0.293887172828897
"P30084","Enoyl-CoA hydratase","up",0.293578557330752
"Q8TEA8","Histidyl-tRNA synthetase-related","down",0.293070159668053
"Q8NEY4","VATC2","down",0.293052652616169
"Q9BZM4","ULBP-3","up",0.292542654858776
"P41240","CSK","down",0.29243285993759
"Q7L9L4","MOL1A","down",0.290593392982023
"Q9Y2Q3","GSTK1","down",0.290546706345391
"P0C2L3","F163B","up",0.290145610658693
"P56377","AP1S2","up",0.290060014189274
"Q3ZCQ8","TIM50","up",0.290046122491215
"P10242","MYB","up",0.289970843396418
"O00478.1",NA,"down",0.288631711096123
"P20810","Calpastatin","up",0.288368909773256
"Q5D1E8","MCPIP","up",0.2883526281019
"Q99LC4.66",NA,"down",0.28833486485751
"P12081","Histidyl-tRNA synthetase","down",0.287887781647633
"P06307","CCKN","down",0.28754044668265
"Q99LC4.182",NA,"down",0.287506941533741
"P04062","GLCM","down",0.287343515438738
"Q9NQR4","NIT2","up",0.28724766619451
"Q06190","PP2A, subunit B","down",0.287048504002462
"Q9Y3X0","CCDC9","up",0.286842155078074
"Q9UK76","HN1","up",0.286374758730732
"P48728","GCST","up",0.286304962421025
"P51460","INSL3","up",0.286117572050933
"P01589","IL-2 sRa","up",0.286003025491919
"P01112","H-ras (WT)","down",0.285710283282078
"P26440","IVD","up",0.285533335800494
"P06753.1",NA,"down",0.284841896175648
"Q96B36","AKTS1","down",0.283921728770966
"P30419","NMT1","down",0.281838698667782
"P61586","Rho A","down",0.280811766028408
"Q5GAN3","RNS13","up",0.280734399863989
"Q9H4F1","SIA7D","down",0.280698489695877
"Q16831","UPP1","down",0.280416093890655
"Q96MZ0","GD1L1","down",0.280092842132619
"Q14982","OBCAM","down",0.279667326312198
"O43639","NCK2","down",0.279333805630279
"O75390","CISY","down",0.279333805630279
"Q8IUB2","WFDC3","up",0.278975242850161
"Q99426","TBCB","down",0.278529126183107
"P51149","Rab-7","down",0.278529126183107
"P35916.1",NA,"down",0.277830762846716
"O15294","OGT1","up",0.276920863723137
"O75106","Amine oxidase","down",0.275315801063079
"Q04912","MSP R","down",0.275073820101714
"Q96NR8","RDH12","up",0.275069078866303
"Q8N912","NRAC","down",0.274850472386373
"P11310","ACADM","up",0.273807473677085
"Q9NQG5","C20orf77","down",0.273495535705749
"Q4VC05","BCL7A","down",0.273270239169172
"Q96EP0","RNF31","up",0.272957068193359
"Q15762","CD226","up",0.2725601012207
"Q06187.1",NA,"down",0.27236818798687
"O14610","GBGT2","down",0.271763151714615
"Q8IZ57","NRSN1","up",0.271336818025405
"P50995","ANX11","down",0.271116979016291
"P33764","S100A3","up",0.270273724914847
"Q5BKX5","CS054","up",0.270117995301636
"A6NFY7","SDHF1","up",0.268892370462666
"P52943","CRIP2","up",0.268860710582118
"P20849","CO9A1","up",0.268719722123767
"P31483","TIA1","down",0.268565488706417
"P62308","RUXG","down",0.268518362350811
"P23368","MAOM","down",0.268412493326881
"Q99LC4.154",NA,"up",0.268365730035141
"Q13510","Acid ceramidase","up",0.267605480602199
"Q9BX68","HINT2","up",0.267482323977903
"P51911","Calponin-1","down",0.266698927658571
"Q96C19","EFHD2","down",0.266587689612625
"Q6UXI7","VITRN","up",0.265054709269025
"Q9NR31","SAR1A","down",0.265009082315883
"Q9H910","HN1L","up",0.264705440985336
"P30040","ERP29","down",0.264602844937021
"Q8TBN0","R3GEF","down",0.264347066457102
"O76036","NKp46","down",0.263815985504859
"Q86VW2","ARHGP","down",0.263714656070355
"P55107.1",NA,"down",0.263075587877959
"O75874","IDH","up",0.262214391415468
"Q15041","AR6P1","up",0.262135652321016
"Q15126","PMVK","up",0.261799889806783
"P43629","KI3L1","up",0.261674846645527
"Q9UGP4","LIMD1","up",0.261564237386769
"P12830","Cadherin E","down",0.2613906027842
"P10909","Clusterin","down",0.261302644068659
"P14555","NPS-PLA2","down",0.260826999171444
"P13051","UNG","down",0.260232876166495
"P50583","AP4A","down",0.26005943042169
"Q8N441","FGRL1","down",0.259766574630697
"Q9Y295","DRG1","down",0.259702713307382
"Q8TCS8","PNPT1","up",0.259702713307382
"P17612","PRKACA","down",0.259702713307382
"P01579","IFN-g","up",0.259636974928949
"Q9HCP0","KC1G1","down",0.25951190756511
"Q9NUI1","DECR2","up",0.259439618737521
"O75365","PRL-3","down",0.259196763967907
"Q9UJA9","ENPP5","up",0.258880468831198
"Q92851.2",NA,"up",0.258737190290022
"P56134","ATPK","up",0.25844977726105
"P07196","NFL","down",0.257839061010535
"Q9UL25","RAB21","down",0.257569656769647
"Q8NFT8.1",NA,"up",0.257456900713399
"P43405.1",NA,"down",0.257035733691645
"O43508","TWEAK","up",0.256896508306316
"Q9H0U4","RAB1B","down",0.256595139711925
"P22681","CBL","down",0.256123880621933
"P55884","EIF3B","down",0.25466074764895
"P56704","WNT3A","up",0.254431786147082
"P24158.1",NA,"up",0.25441591567317
"P27361","ERK-1","down",0.254114393126563
"Q8TDX7","NEK7","down",0.25331145942015
"P01877.P01876",NA,"up",0.253290475681827
"Q6P2E9","EDC4","down",0.253267342236443
"P60953","Cdc42Hs","down",0.252646393451925
"P32019","I5P2","down",0.25254481792451
"Q99697","PITX2","up",0.252461885654709
"P50570","DYN2","down",0.252270209131124
"Q92743","HTRA1","down",0.252186490646382
"Q13642","SLIM 1","down",0.251824515615261
"Q9Y5W5","WIF-1","down",0.251593774722676
"Q49B96","COX19","down",0.251340535095009
"P40313","CTRL","down",0.251300260823273
"Q9Y5U2","TSSC4","down",0.251131689333604
"Q15084","PDIA6","down",0.251061703976746
"P43359","MAGE-5","down",0.25100767437236
"P18084.P06756",NA,"down",0.250879900132002
"P34949","MPI","down",0.25012141968377
"P49137","MAPK2","down",0.250057193133711
"Q5VXJ0","LIPK","up",0.250026942448325
"Q8IXB1","DJC10","up",0.249287125978753
"Q92565","RPGF5","down",0.248581926782195
"Q9P283","SEM5B","up",0.248455708254772
"P22307.1",NA,"down",0.248321407849978
"P49748","ACADV","down",0.247874138139786
"Q8N128","F177A","up",0.247667310529328
"O75153","CLU","up",0.247640486660645
"Q05315","LPPL","up",0.247246232226297
"Q6UX27.1",NA,"up",0.24718203000224
"Q16836","HCDH","down",0.24699282423367
"Q9BW04","SARG","down",0.246858999700386
"Q96D15","RCN3","up",0.246720865199073
"Q99614","TTC1","down",0.246643092478462
"Q8IUR0","TPPC5","down",0.246258609240471
"P04233","HG2A","up",0.246190250926206
"Q969E3","UCN3","down",0.246190250926206
"O95479","G6PE","up",0.246158570793735
"Q08334","IL-10 Rb","up",0.245918943130108
"Q13203","MYBPH","down",0.245736213391095
"O43555","GON2","down",0.245571264601365
"Q8TAT6","NPL4","down",0.245537272095393
"Q6ZMJ4","IL-34","down",0.245533552319333
"P05771","PKC-B-II","down",0.2454807966954
"Q6P1L8","RM14","up",0.245127803942521
"O94903","PROSC","down",0.24492248766913
"P46108","CRK","down",0.244521650943195
"Q13901","C1D","up",0.244382961600512
"P24844","MYL9","down",0.243817683798191
"O95672","ECEL1","up",0.243360124850677
"Q15642","CIP4","down",0.243060126472803
"Q96AG4","LRC59","down",0.243060126472803
"Q99417","MYCBP","down",0.243060126472803
"Q14847","LASP-1","down",0.243060126472803
"P12814","ACTN1","down",0.243060126472803
"Q00059","TFAM","down",0.243060126472803
"P50225","SULT 1A1*2","down",0.242152682769585
"P51878","Caspase-5","down",0.241834390874958
"Q9UBU3","Obestatin","down",0.24176278695872
"P47712","cPLA2-alpha","down",0.241033735512529
"Q9H9G7","AGO3","up",0.240958805872072
"Q9UMR2","DEAD-box protein 19B","down",0.240459228263208
"Q96AB6","NTAN1","up",0.239917023844849
"Q63HM9","PLCX3","up",0.239785334146017
"Q96HZ4","HES6","up",0.239669148039989
"Q8IX03","WWC1","up",0.239286251581119
"Q02297","SMDF","up",0.239112388959618
"Q9Y3E7","CHMP3","up",0.239029323702536
"Q16663.1",NA,"down",0.239002616396735
"P35542","SAA-4","down",0.238487464199808
"P68106","FKB1B","down",0.238439652138902
"Q6PI48","SYDM","down",0.238170680185661
"Q96I25","SPF45","down",0.238130181469839
"Q4V328","GRAP1","down",0.237560692697145
"Q9HB90","RRAGC","down",0.237478547706634
"P25098","BARK1","down",0.237248998668317
"Q9BXY4","RSPO3","up",0.23667776582457
"Q9BY43","CHM4A","down",0.23588307051251
"P41217","OX2G","down",0.235834415970836
"Q9UN19","DAPP1","down",0.235617685769352
"P49407","ARRB1","down",0.235617685769352
"Q9BTK6","PA1","down",0.235617685769352
"P30405.1",NA,"down",0.235617685769352
"P62979","Ubiquitin+1","up",0.235557119823679
"Q99LC4.7",NA,"down",0.235481385522421
"P14136","GFAP","up",0.235377702688716
"Q7Z7E8.1",NA,"up",0.235375635642542
"Q14642","I5P1","down",0.234277684743649
"P43361","MAGA8","up",0.234117436213438
"Q9BRF8","CSTP1","up",0.234107981254059
"Q9UJY5","GGA1","down",0.233674913188274
"Q9Y662","HS3SB","up",0.233062908280346
"Q6UW15","REG3G","down",0.232083240895143
"Q99LC4.144",NA,"up",0.231945227582059
"P10645","CgA","down",0.2319115649359
"Q9H446","RWDD1","down",0.231827964539191
"Q9H4A5","GLP3L","down",0.231800296500711
"Q14681","KCTD2","down",0.231796772449323
"Q92851","Caspase-10:region 2","down",0.231646194941063
"P35557","HXK4","down",0.231520941233395
"O95972","BMP15","down",0.231197419880947
"Q9NS62","THSD1","up",0.23075188184313
"O00462","MANBA","up",0.230677494010899
"Q9HB71","CYBP","down",0.229907568274294
"P20336","Rab3A","up",0.229786111397895
"P48304.1",NA,"down",0.229526822379659
"O75976","CBPD","down",0.22944053193265
"P20800","Endothelin 2","down",0.228673344603292
"O00151","PDLI1","down",0.228669341990577
"P12931","p60-Src","down",0.228669341990577
"Q15067","ACOX1","down",0.228669341990577
"P36980","FHR2","down",0.228650721556763
"O95169","NDUB8","up",0.227952138113307
"Q99LC4.205",NA,"down",0.227668085275182
"P68036.P0CG47.1",NA,"down",0.227482387805859
"Q96PD4.1",NA,"down",0.227035877760358
"Q9GZN2","TGIF2","up",0.22703489673569
"P02649.1",NA,"down",0.226795120782762
"Q96HC4","PDLI5","down",0.225768648997497
"P58400","NRX1B","down",0.225646059492264
"O00170","AIP","up",0.225363672150784
"P58294","EG-VEGF","up",0.22515976683542
"Q6EBC2","IL-31","down",0.224775726533987
"P21815","BSP","up",0.224527225970744
"Q8IZV5","RDH10","down",0.22436136606727
"Q9P2G3","KLH14","up",0.224235914124067
"Q96RU2","UBP28","up",0.224168818101746
"P55773","MPIF-1","up",0.223983600439022
"P63172","DYLT1","up",0.223377395136422
"A1Z1Q3","MACD2","down",0.223361313510942
"O60739","EIF1B","down",0.222984668031011
"Q8TD55","PKHO2","up",0.222963530751008
"Q96CU9","FXRD1","up",0.222933216566757
"Q9Y4P3","TBL2","down",0.222161726488076
"Q9Y696","CLIC4","down",0.222161726488076
"P21291","Cysteine-rich protein 1","down",0.222161726488076
"P41250","Glycyl t-RNA synthetase","down",0.222161726488076
"Q99717","SMAD5","down",0.222161726488076
"O95081","AGFG2","down",0.222161726488076
"Q9Y6E2","BZW2","down",0.222161726488076
"Q9Y608","LRRF2","down",0.222161726488076
"P30405","Cyclophilin F","down",0.222161726488076
"O60496.1",NA,"down",0.222022897923857
"Q15884.1",NA,"up",0.222000309267113
"O95498","VNN2","up",0.221978300242541
"P12277","CK-BB","down",0.221575710824086
"Q8IWT1","SCN4B","up",0.221263082715736
"Q12778","FOXO1A","down",0.221215120258086
"Q8TB40","ABHD4","up",0.220769681942895
"Q99471","PFD5","up",0.22066511832061
"Q8TAE8","G45IP","down",0.220649447012306
"P11413","G6PD","down",0.22035651128626
"Q14596","NBR1","down",0.22017587171125
"P11215","Integrin alpha-M","up",0.220175063555649
"Q9Y6E0","STK24","down",0.220082587520816
"P48052","CBPA2","up",0.219761439699814
"A6NGZ8","CX068","up",0.219414173488136
"Q30KP9","DB135","down",0.218979166754966
"Q13424","Alpha-1-syntrophin","down",0.218634870980679
"Q96EK6","GNA1","down",0.21857750034361
"F5H284","PAL4D","up",0.21851774929956
"Q96FC7","PHIPL","down",0.218046774799765
"O43708","MAAI","up",0.218046774799765
"Q5T1C6","THEM4","up",0.218023089891737
"Q9UQN3","CHM2B","down",0.217960154753123
"P21580","TNFAIP3","up",0.217559632179054
"P01308","Insulin","up",0.217364618262478
"P28838.1",NA,"down",0.217312060845408
"Q96N21","AP4AT","up",0.217252149007156
"Q8N766","EMC1","up",0.21716523528356
"P61604","HSP 10","down",0.217096473980123
"P45985","MP2K4","up",0.216992833199197
"Q96IZ0","PAWR","up",0.216815799198545
"Q9H4A9","DPEP2","down",0.216442614701113
"Q9BUP3.1",NA,"up",0.216162094177129
"Q15691","MARE1","down",0.216050579334484
"O43865","SAHH2","down",0.216050579334484
"P53779","MK10","down",0.216050579334484
"P28332","ADH6","down",0.216050579334484
"Q06187","BTK","down",0.216050579334484
"P12931.1",NA,"down",0.216050579334484
"P30101.1",NA,"down",0.216050579334484
"P20963.1",NA,"up",0.215808008009989
"P40121","CAPG","down",0.215778332595189
"P56962","STX17","up",0.215628432566424
"Q96PL2","TECTB","down",0.215449718963677
"Q8IYU8","EFHA1","down",0.215272544923743
"Q9H299","SH3BGRL3-like protein","down",0.21515738381067
"Q9Y5E2","PCDB7","up",0.215110512375794
"Q9P109","GCNT4","up",0.214905103419551
"P49720","PSB3","up",0.214671479555382
"Q9NZ52","GGA3","down",0.214646592420752
"Q86YB8","ERO1B","down",0.214634270133996
"O94992","HEXI1","down",0.21445578667848
"Q8IYS2","K2013","down",0.214454338818446
"P40926.1",NA,"down",0.214323673577502
"P32321","DCTD","down",0.214323673577502
"A8MQ03","CRTP1","up",0.214139144896313
"P78325","ADAM-8","up",0.213411058974872
"P20393","NR1D1","down",0.213409827294656
"Q96IW2","SHD","down",0.213126151177438
"Q99LC4.3",NA,"down",0.21303587941032
"P17706","TCPTP","up",0.212849080480447
"O15182","CETN3","up",0.21262248987289
"Q5VIR6","VPS53","up",0.21229834916391
"P98172","EFNB1","up",0.212265181724812
"Q7Z4H8","KDEL2","up",0.212074578551683
"Q9BYC5","FUT8","up",0.212036904765142
"P48047","ATPO","up",0.211729232315071
"Q5VUM1","CF057","up",0.21137169249324
"Q15485.1",NA,"up",0.211244353099641
"Q8NHS9","SPT22","up",0.211159514048636
"P62263","RS14","down",0.21111808188153
"P05387","RLA2","up",0.211013337656142
"Q15223","nectin-1 gamma:ECD","up",0.210920448325341
"Q13418","ILK1","down",0.210298877742377
"P40926","Malate dehydrogenase 2","down",0.210298877742377
"Q92930","RAB8B","down",0.210298877742377
"Q9Y243","PKB gamma","down",0.210298877742377
"P14618","M2-PK","down",0.210298877742377
"P63104","14-3-3 protein zeta/delta","down",0.210298877742377
"P67936","Tropomyosin 4","down",0.210298877742377
"Q96F85","CB032","up",0.210298231181363
"O15305","Phosphomannomutase 2","down",0.21008308492838
"P29692","EF1D","down",0.21008308492838
"Q6GQQ9","OTU7B","down",0.209688985546632
"P45984.1",NA,"up",0.209374793019688
"Q14289","FAK2:FERM","down",0.209348509089235
"Q8N6H7","ARFG2","down",0.209348509089235
"P18564.P06756",NA,"down",0.209348509089235
"P56937.1",NA,"down",0.208759333967743
"Q8IVY1","CA210","up",0.208701241284952
"Q9NRG1","PRDC1","down",0.208455985316119
"P31749.1",NA,"down",0.208448532219159
"O00175","Eotaxin-2","up",0.208289313933438
"Q8WV07","ORAV1","down",0.207992432289718
"P36873","PP1G","down",0.207715455802589
"Q9UEE9","CFDP1","up",0.207514388988992
"P42773","CDN2C","down",0.207325619858707
"Q16674","MIA","up",0.207283326330894
"Q6NT46","GAG2A","up",0.206749413326724
"P68104.1",NA,"down",0.206654089848646
"P53999","TCP4","down",0.206464283774377
"P06703","S100A6","up",0.206353195858893
"Q9UIC8","LCMT1","up",0.206353195858893
"P11182","ODB2","up",0.206338912952568
"Q9C002","NMES1","up",0.206111559649236
"P15882","CHIN","down",0.206011593056742
"Q9UBP0","Spastin:MIT","down",0.206005583090116
"O15382","BCAT2","up",0.206005583090116
"P29350","PTP-1C","down",0.205925776208975
"O60235","TM11D","down",0.205858739154766
"Q9NYA1","Sphingosine kinase 1","down",0.20557111683155
"Q99962","SH3G2","down",0.205417874750037
"P50552","VASP","down",0.205417874750037
"Q8WV92","MITD1","down",0.205417874750037
"Q04721.2",NA,"up",0.205075450746814
"Q9Y6X2","PIAS3","down",0.205045991548742
"P54819","KAD2","down",0.20487544500652
"P07737","Profilin-1","down",0.20487544500652
"A0AVT1","UBA6","down",0.20487544500652
"P22392","NDP kinase B","down",0.20487544500652
"Q9BQA9","CQ062","up",0.204545977096051
"Q9UNF0","PACN2","down",0.204444449633499
"Q9UHQ1","NARF","up",0.204301377050277
"Q969T4","UB2E3","down",0.204278041168621
"Q6NW29","RWDD4","down",0.204051664968331
"Q01105","SET","up",0.203986936892318
"O15539","RGS5","down",0.203485735786881
"P07766.1",NA,"up",0.202754200371851
"P29459.P29460",NA,"down",0.202668259532456
"Q9UEF7","KLOTHO","up",0.202283554782608
"Q6EMK4","VASN","up",0.202134717151687
"Q96LB9","PGRP-I-alpha","down",0.202059183382176
"Q9HAT8","PELI2","down",0.201771057213714
"Q9H0E2","tollip","down",0.201636384408151
"P56192","SYMC","down",0.201636384408151
"Q99714","ERAB","up",0.201094842504746
"Q9BR61","ACBD6","down",0.200899534248675
"Q99963","SH3G3","down",0.200899534248675
"Q9NWX6","THG1","up",0.200795646530773
"Q15366","PCBP2","down",0.200681670544407
"P35914","HMGCL","down",0.200681670544407
"Q9H257","CARD9","up",0.200543838518332
"P07951","Tropomyosin 2","down",0.200367636005851
"P13612.P05556",NA,"down",0.200345229841976
"Q969X0","RIPL2","down",0.200175549123257
"Q8WUJ0","STYX","down",0.199948893519194
"P51636","CAV2","up",0.199912355259199
"Q4KMG9","TM52B","up",0.199556885319469
"P31946","14-3-3 protein beta/alpha","down",0.19954769311569
"P35318","Adrenomedullin","up",0.199370187057786
"P07492","Gastrin-releasing peptide","up",0.199166908791922
"P37023","ALK-1","up",0.199067737224033
"Q9BXS1","IDI2","up",0.198193413254354
"Q15172","2A5A","down",0.198128676128098
"Q9Y696.1",NA,"down",0.198128676128098
"Q5SW96","ARH","down",0.198109837165152
"Q92823","Nr-CAM","up",0.198030232451306
"Q9H3U1.1",NA,"down",0.197892865764294
"Q9ULH4","LRFN2","down",0.197512295257786
"O00560","Syntenin 1","up",0.197214757383236
"P01229","LSHB","down",0.197200125629055
"Q16543","CDC37","down",0.197129340936134
"Q15762.1",NA,"up",0.196866927632418
"Q96FJ2","DYL2","down",0.196853425308566
"Q8IYS4","CP071","up",0.196748010794191
"Q16698","DECR","up",0.196687063973872
"P40763","STAT3","down",0.196519045921463
"Q99962.1",NA,"down",0.196519045921463
"P42574","Caspase-3","down",0.196519045921463
"A4D1T9","PRS37","up",0.196519045921463
"Q01658","NC2B","up",0.196253254227117
"Q9NR56","MBNL1","down",0.19602681245806
"Q86UU9","TKN4","down",0.195105944136778
"Q9NZN3","EHD3","down",0.194911869880005
"P11216","Glycogen phosphorylase","down",0.194760253961473
"Q8WUM4","PDC6I","up",0.194598943080418
"Q96DH6","MSI2H","down",0.194226745449165
"Q6PL45","CP079","down",0.194146361655
"P04217","Alpha-1B-glycoprotein","down",0.193827409173647
"P38484.1",NA,"down",0.193606216018346
"Q53H76","PLA1A","up",0.193573501205469
"Q96D42","TIM-1","down",0.193458615458964
"Q99LC4.208",NA,"up",0.193410963208542
"Q96SI1","KCD15","up",0.193385404218656
"P12643","BMP-2","up",0.193385255182254
"P63010","AP2B1","down",0.19335660229088
"Q96AX2","RAB37","up",0.193319607530925
"Q05682","Caldesmon","down",0.192939125607055
"P19823","ITI heavy chain H2","up",0.192922349511009
"Q9H8J5","MANS1","up",0.192775121591036
"P05060","SCG1","up",0.192751016998253
"Q8N3T6","T132C:CD","up",0.192731147264701
"Q14165","K0152","up",0.192650177327281
"O60487","MPZL2","up",0.191706724823108
"O14907","TX1B3","down",0.191690067418296
"Q9NQ38","SPINK5","up",0.191620051173711
"Q96EY8","MMAB","up",0.19119984274712
"Q8TAF3","WDR48","down",0.191180332349322
"P62993","GRB2 adapter protein","down",0.191180332349322
"Q8IW00","CJ072","down",0.19104085009784
"Q9UEW3","MARCO","down",0.191004948620853
"P62310","LSM3","down",0.19070247875682
"Q9BYV9","BACH2","down",0.190689107080382
"Q8N8S7","ENAH","down",0.190561564882722
"Q8WU39","PACAP","up",0.190534385951947
"Q5VTT5","MYOM3","down",0.190503368189165
"O60942","MCE1","down",0.190455342611501
"Q14653","IRF-3","down",0.190404669666115
"Q9C0J1","B3GN4","up",0.190340299745512
"Q13310","PABP4","down",0.190330357739858
"Q9UBX7.1",NA,"up",0.19022743022686
"Q13007","IL24","up",0.190105945342101
"P78310","CXAR","up",0.189919999030348
"P0DI81","TPC2A","down",0.189767726148081
"O15247.1",NA,"up",0.189765349677854
"Q96FJ0","STALP","up",0.189241405019996
"Q16772","GSTA3","up",0.189075548766231
"Q8IUK5","PXDC1","down",0.188669160235282
"P01375","TNF-a","up",0.188388566747891
"Q15751","HERC1","down",0.187946468145363
"O43264","ZW10","down",0.187833976262028
"P54278","PMS2","up",0.187764881989051
"Q14493","SLBP","up",0.187424861581498
"Q5T447","HECD3","up",0.187255530717927
"Q3YEC7","RABL6","up",0.18723637213296
"Q9NUU7","DD19A","down",0.186975820888699
"Q9NX09","DDIT4","up",0.186955024700121
"O14917","PCD17","up",0.186935843182271
"Q969T9","WBP2","up",0.18684397789084
"Q9UJ90.1",NA,"up",0.186260996624489
"P57105","SYJ2B","up",0.185791320010169
"P60022","HBD-1","down",0.185783327618662
"Q7Z7F7","RM55","up",0.185519318630191
"Q99538","LGMN","down",0.185474521109754
"Q6YN16","HSDL2","up",0.185405607488009
"Q9Y653","GPR56","down",0.185037681666126
"Q9NY97","B3GN2","up",0.184846536806045
"Q5EBL8","PDZ11","up",0.184846536806045
"Q96Q40","CDK15","down",0.184748865871998
"Q04917.1",NA,"down",0.184672716846822
"Q96SR6","ZN382","up",0.184435562850946
"P48740","MASP3:Light","up",0.184206519936584
"Q15722","LT4R1","down",0.18412611618208
"Q9NZT2","OGFR","down",0.18412611618208
"P49336.P24863",NA,"down",0.18408272554581
"Q6DN72","FCRL6","down",0.184073430454675
"Q8WZ82","OVCA2","down",0.183333826459809
"Q7L8C5","SYT13","up",0.183323972858584
"Q8N4V1","MMGT1","down",0.183143300775483
"Q6P6B7","ANR16","up",0.18307939500481
"Q9Y6D9","MD1L1","up",0.182697923049126
"P54577","SYYC","down",0.182593577879562
"Q6IPR3","TYW3","up",0.182441483238628
"Q9UJV3","TRIM1","up",0.182432946393837
"Q9Y5T4","DJC15","up",0.182321582977335
"P61106","RAB14","up",0.182321582977335
"Q9Y5W9","SNX11","down",0.182180584035822
"Q99LC4.134",NA,"up",0.182064749496292
"P06126","CD1A","down",0.181913612929411
"P23677","IP3KA","up",0.181898311937835
"Q8N2Q7.2",NA,"up",0.181263328789493
"O00144","FZD9","down",0.181085358118667
"Q9NRR2.1",NA,"up",0.18097288680203
"A4D1E9","GTPBA","up",0.180671545941692
"P41970","ELK3","up",0.18053017611934
"Q9P126","CLC1B","up",0.180495700261354
"Q96QV1","HHIP","down",0.180446410733775
"P48357","sLeptin R","down",0.18019833299533
"Q8IYN2","TCAL8","up",0.179939762792768
"Q9NUQ9","FA49B","up",0.179755671773113
"P10721","SCF sR","up",0.179639310750195
"Q99LC4.150",NA,"up",0.179558672202879
"P39656","OST48","up",0.179513767894415
"P30086","prostatic binding protein","up",0.179507988804558
"Q8IZS8","CA2D3","up",0.179482665586475
"Q15493","RGN","up",0.17943788338155
"Q6Y288","B3GLT","up",0.17934401229705
"Q8IY22","CMIP","up",0.179315407359422
"Q01968","OCRL","down",0.179221464804689
"Q8WWB5","PIHD2","up",0.179155857997519
"P17405","ASM","down",0.178961177766588
"Q9BV90","SNR25","down",0.178915946734858
"Q01415","GALK2","down",0.178892173283036
"P43155","CACP","up",0.178800972574609
"Q99954","SMR3A","down",0.17878461746603
"Q99LC4.22",NA,"down",0.178753709723102
"Q15555","MARE2","down",0.178645542904768
"O43768","a-endosulfine","down",0.17856156969323
"P62491","RB11A","down",0.17856156969323
"P61981.1",NA,"down",0.17856156969323
"Q14562","DHX8","down",0.178558022336543
"Q92945","FUBP2","down",0.178468038066365
"Q5PRF9","SAM4B","up",0.178399539228971
"Q9Y561","LRP12","up",0.178185057918223
"Q96DF8","DGC14","up",0.178152182529845
"P48382","RFX5","down",0.177850297263577
"P04066","Alpha-L-fucosidase I","down",0.177736267696493
"P49789","Fragile histidine triad protein","down",0.177721100073732
"Q14184","DOC2B","up",0.177635644537834
"O95295","SNAPN","up",0.177290114554501
"Q9UN36","NDRG2","down",0.17718513369866
"O14745","NHERF","down",0.177105605601446
"P46783","RS10","down",0.176753819857155
"P12544","granzyme A","up",0.176540415668736
"Q99LC4.42",NA,"down",0.176346572838249
"Q96PX8.1",NA,"up",0.176170270043197
"P11234","RALB","up",0.176141854235068
"Q9GZU7","CTDS1","up",0.176097447972805
"Q9UHF4","IL-20 Ra","down",0.176069917930367
"P20061.1",NA,"up",0.176051688166041
"P01189.2",NA,"up",0.17588938070933
"Q96B97","SH3K1","up",0.175878596765901
"Q99538.1",NA,"up",0.175835932562167
"Q01151","CD83","down",0.175757135622681
"P20591","Mx1","up",0.175380089558984
"P04818","TS","down",0.17533301367108
"O60547","GMDS","down",0.174658931334536
"P41235","HNF4A","up",0.174584143149629
"P01130","LDLR","down",0.174571771058898
"O75496","GEMI","up",0.174506248028341
"Q86SG5","S100A15","up",0.174350199749008
"Q96HY6","DDRGK","down",0.174266150226388
"Q99LC4.117",NA,"up",0.174183681432189
"Q9BZE9","ASPC1","up",0.174106475606283
"Q9P1W8","SIRPG","down",0.174106475606283
"Q9NS85.1",NA,"down",0.174018005043731
"Q15485","FCN2","up",0.173699397821909
"Q16663","MIP-5","down",0.173580842095467
"P40616","ARL1","up",0.173557950612203
"Q14114","LRP8","up",0.173344040086534
"P68104","EF-1-alpha-1","down",0.172809868101123
"Q53S33","BOLA3","down",0.172781757884297
"P02461","Collagen Type III","down",0.172717232795732
"O43776","SYNC","down",0.172594075287126
"Q6UWW8","EST3","down",0.172594075287126
"P19875","Gro-b","down",0.17259316718082
"P19876.1",NA,"down",0.17259316718082
"P10398","ARAF","up",0.17259316718082
"O14763.2",NA,"up",0.172587016253672
"P22307","NLTP:isoform 6","down",0.172585036406472
"P33316","DUT","up",0.172585036406472
"Q8TCA0","LRC20","up",0.172157013425131
"P17676.1",NA,"down",0.172086046048438
"O95206","PCDH8","up",0.172086046048438
"P49841.1",NA,"down",0.171859499447981
"P19256","sLFA-3","up",0.171800152426504
"Q9H6E4.1",NA,"down",0.17156561753292
"P23526","SAHH","up",0.171537531782667
"O60684","IMA7","down",0.171475361075843
"P13667","PDIA4","down",0.171389220813378
"Q8WYK2","JDP2","up",0.170988689939253
"P17066.1",NA,"down",0.170841004756249
"O75843","AP1G2","down",0.170669009429083
"Q9NVM1","F176B","up",0.170477465352075
"Q9GZT6","CC90B","up",0.17032224811465
"Q15046","SYK","down",0.170226446161335
"Q6ZRY4","RBPS2","down",0.170226446161335
"Q8TD06","AGR3","up",0.170043311516041
"Q96RL6.1",NA,"up",0.169963530032165
"O75821","EIF3G","down",0.169842275637838
"Q08752","PPID","down",0.169556518492727
"O94925","GLSK","up",0.169543696041422
"P38646","HSPA9B","up",0.16952217068974
"O75503.1",NA,"up",0.169478423019338
"Q92876","Kallikrein 6","down",0.169470744074023
"Q9GZX9","TWSG1","up",0.169220545942963
"Q9NPB1","NT5M","up",0.169178082416646
"Q06787.2",NA,"down",0.169139887163602
"P84090","ERH","down",0.168760025134412
"Q99LC4.179",NA,"up",0.168600779172158
"P02100","Hemoglobin epsilon chain","up",0.168260256172086
"Q9Y4C8","RBM19","up",0.168145834993988
"P63302","SELW","down",0.168108895583163
"P54920","SNAA","down",0.168054333700319
"Q04917","14-3-3 eta","down",0.167928865108783
"O43921","Ephrin-A2","up",0.167914926383282
"Q92886","NGN1","up",0.167914926383282
"Q16822","PCKGM","down",0.167892795195893
"Q9NRN5","OLFL3","down",0.167866192917483
"Q9P0W2","HM20B","down",0.167862795880741
"P19474","RO52","up",0.167742554557827
"O75030","MITF","up",0.167563798900655
"P37173","TGF-b R II","up",0.167543217660182
"Q96GG9","DCNL1","up",0.167316651417617
"Q92994","BRF-1","up",0.167185420873007
"Q9BQT9","Alcadein-beta","down",0.167086534169008
"P32881","IFNA8","up",0.167058979330551
"P49747","COMP","down",0.166982980046767
"Q00536","PCTK1","up",0.166737266171246
"Q9NYY1","IL-20","up",0.166652839036701
"Q9NQ79","CRAC1","down",0.166575008117698
"Q99LC4.211",NA,"up",0.166554371909149
"Q9GZQ3","COMD5","down",0.166485921177361
"Q8N4L8","CCD24","down",0.166472027687344
"Q7Z692","CEA19","up",0.166274917738034
"P49588","SYAC","down",0.166077420903971
"Q9BQF6","SENP7","up",0.166040230337483
"Q86UD1","OAF","down",0.165932300950139
"Q7Z5W3","BN3D2","down",0.165450971127177
"Q15327","ANKR1","up",0.165450971127177
"Q9NWM8","FKB14","up",0.165307469245682
"Q9UL18.1",NA,"down",0.165287561872735
"Q13508","NAR3","up",0.165237565704969
"Q7LGC8","CHST3","down",0.165059610352976
"Q9UEU5.1",NA,"up",0.164950074853073
"O75381.1",NA,"down",0.164935527926109
"Q02297.1",NA,"down",0.164870367753324
"P06239","LCK","up",0.164733376223551
"P10147","MIP-1a","down",0.164511484946205
"Q96KC8","DNJC1","up",0.164292388202604
"Q14956.2",NA,"down",0.164216230001663
"P55103","INHBC","up",0.164216230001662
"P06733","Alpha enolase","down",0.164137744801095
"Q9NQ48","LZTL1","up",0.164019637622701
"P14373","TRI27","up",0.163775594581655
"P20062","Apo-TC II","up",0.163707203954636
"P16471","Prolactin Receptor","down",0.163703012163144
"Q9NZ94","NLGN3","down",0.163572423679748
"O60704","TPST2","up",0.163495477241332
"Q99816","TS101","down",0.163410524607421
"Q13163","MP2K5","down",0.163410524607421
"Q02363","ID2","up",0.163031413504523
"Q9Y4C5","CHST2","up",0.163015404567772
"Q969H8","CS010","up",0.163015404567772
"Q9NZI6","TF2L1","down",0.162659334915959
"P23560","BDNF","up",0.162498026155061
"P09871","C1s","up",0.162461159020885
"Q00887","PSG9","down",0.162456740826484
"P62937","Cyclophilin A","down",0.162264892510413
"P13693.1",NA,"down",0.162264892510413
"Q9P2X3","IMPCT","down",0.162212210719556
"P17676","CEBPB","down",0.162171285772795
"P78368.1",NA,"up",0.161597968962015
"Q9H114","CST1L","down",0.161572037441028
"Q9HCN8","SDF2L","up",0.161385788082452
"Q9H7D7","WDR26","up",0.161247850826784
"P30203","CD6","up",0.161238308330887
"P02452","CO1A1:C-term propeptide","up",0.161111341091468
"Q9UPX6","K1024","up",0.160902670758563
"Q13564","ULA1","down",0.160838885971557
"Q9P0G3","kallikrein 14","up",0.160830037455277
"Q92478","CLC2B","up",0.160749160607729
"P61244","MAX","down",0.160475404343235
"O95954","FTCD","down",0.160246491210955
"O75521","PECI","up",0.16018501307466
"O75822","EIF3J","down",0.160102524863069
"Q9H3T3","SEM6B","up",0.160059891361456
"Q13480","GAB1","down",0.159996687655279
"O75154","RFIP3","down",0.159996687655279
"P36405","ARL3","down",0.159966273750379
"Q04637","IF4G1","down",0.159819324119889
"P52566","Rho-GDI beta","down",0.159819324119889
"Q92186","SIA8B","up",0.1596452811686
"Q30KQ5","DB115","up",0.159591318504094
"P21854.1",NA,"up",0.159441761371388
"P09564","CD7","up",0.159408453891159
"P48061.2",NA,"up",0.159142551673902
"P02458","Collagen II","up",0.159098434186151
"O15270","LCB2","down",0.159098434186151
"Q8IYD9","CR054","up",0.159095444569257
"P02649.2",NA,"down",0.159094410658704
"Q9H8W3","F204A","up",0.159094323630972
"Q96JX3","SRAC1","down",0.159062596102089
"Q96PJ5","FCRL4:ECD","up",0.158954802518902
"P00441","SOD","up",0.158949585715249
"O60565","GREM1","down",0.15886561773258
"Q9NPJ6","MED4","up",0.158500827855487
"Q16620","TrkB","down",0.158164689256428
"Q13410","Butyrophilin 1A1","up",0.158154375678943
"O43182","RHG06","down",0.158079780735607
"Q03060","CREM","up",0.158024742849732
"Q96CD2","COAC","up",0.157734910637782
"Q16612","NREP","up",0.157651925681306
"Q9NZD2","GLTP","down",0.157632544374614
"Q6FHJ7.1",NA,"up",0.157388245412552
"Q6UX71","PXDC2:ECD","down",0.157383559071318
"Q9BZR6","Nogo Receptor","up",0.157338823956202
"P26349.2",NA,"up",0.157313446830778
"P13995","MTDC","up",0.15712407598681
"Q9H5K3","SG196","up",0.157012757957369
"Q9UNA0","ADAMTS-5","down",0.156997775246035
"P28072","PSB6","up",0.156997775246035
"Q9NWU2","GID8","up",0.156687237504949
"O60682","MUSC","down",0.156580263521521
"O60759","CYTIP","up",0.156307114537456
"Q8N0Z9","VSI10","up",0.156150819194663
"Q96D53","ADCK4","up",0.156135459881348
"P01570","IFN14","up",0.156007939663849
"Q15700","DLG2","up",0.155843413362044
"Q9NQU5","PAK6","down",0.155843413362044
"Q13084","RM28","up",0.155648162940907
"P29373","RABP2","down",0.155638836084448
"Q96EP1","CHFR","up",0.15550926341709
"Q13522","PPR1A","down",0.155318242662389
"Q9Y266.1",NA,"down",0.155305722689722
"P0DML3.P0DML2",NA,"down",0.15499799326421
"P09105.1",NA,"down",0.15496074373373
"Q10713","MPPA","down",0.154905899853755
"Q15560.1",NA,"up",0.154781914013625
"P63098.Q08209",NA,"down",0.154779192750132
"P52815","39S ribosomal protein L12","up",0.154544897569445
"P49223","SPIT3","up",0.154442384855579
"O14757","CHK1","up",0.15436652004267
"P49961","CD39","up",0.154335883144335
"Q99LC4.79",NA,"up",0.154332511946567
"Q8TD22","SFXN5","up",0.154220269773651
"P46109","CRKL","down",0.154214572158272
"O95988","TCL1B","up",0.154053996509738
"Q9BUV0","CA063","up",0.154053996509738
"Q9BS86","ZPBP1","down",0.153986024965331
"Q9H1Y0","Autophagy protein 5","up",0.153971937274196
"Q14956","GPNMB:ECD","down",0.153861454016972
"Q9H944","MED20","down",0.153825122154202
"Q14457","BECN1","up",0.153417209260486
"P05000","IFN-w","up",0.153165412082728
"Q96MK3","FA20A","down",0.152998102287853
"Q9UHB6","LIMA1","up",0.152862023576393
"P43251.1",NA,"up",0.152620646597471
"Q6ZUS6","CC149","down",0.152544573212887
"Q99LC4.126",NA,"down",0.152415200413408
"P18627.1",NA,"up",0.152216474380092
"Q9UK55.1",NA,"down",0.152181251564406
"Q9H832","UBE2Z","up",0.152025287332201
"O75462","CRLF1","down",0.15191246587152
"P67936.1",NA,"down",0.151826669076493
"Q9BZR8","B2L14","down",0.151333668762734
"P04075","aldolase A","up",0.151205555975235
"P05106.P08514",NA,"up",0.151125775178712
"Q9H204","MED28","down",0.15112236552209
"P15121","Aldose reductase","up",0.15104150929302
"Q9NR19","ACSA","down",0.150514212778426
"P27815","PDE4A","up",0.150459515533636
"O95365","ZBT7A","up",0.150459515533636
"Q9H6X2","ANTR1","down",0.150393105775026
"P47902","CDX1","up",0.150393105775026
"P02042","HBD","down",0.15038397116531
"Q00987","MDM2","down",0.150004425681057
"P43320","CRBB2","down",0.149967117500128
"Q9H2S6","TNMD","up",0.149935851940245
"P17066","HSP76","down",0.149528387636689
"P07686.1",NA,"down",0.149190798819238
"P12268","IMDH2","up",0.149123279158955
"P26715","NKG2A","up",0.149117726150197
"P49642","PRI1","up",0.149008301298544
"P39019","RS19","down",0.148761270599693
"P18615","NELFE","up",0.148608980640216
"Q9BXJ0","C1QTNF5","up",0.148481670256792
"O00548.1",NA,"up",0.148446467432559
"Q92575.1",NA,"down",0.14830048140425
"Q8IZ26","ZNF34","up",0.148189275935476
"Q8IZN3","ZDH14","up",0.14805304910899
"P29536","LMOD1","down",0.147886383631207
"O60479","DLX3","up",0.147608777132765
"Q9BXR5","TLR10","up",0.147608777132765
"P0DN86","b-CF","down",0.147608777132765
"P29034","S100A2","up",0.147608777132765
"P42212","GFP_AEQVI","up",0.147608777132765
"Q11130","FUT7","up",0.147475047066516
"Q9NRR5","UBQL4","down",0.147409254014955
"Q6PH85","DCNL2","up",0.147345898613801
"O75015","FCG3B","up",0.147259946484772
"Q86WK6","AMGO1:ECD","up",0.147212081504756
"P54821","PRRX1","up",0.147108090653193
"P42126","D3D2","up",0.146834438237448
"P49914","MTHFS","down",0.146751037015107
"Q9NQX3","GEPH","up",0.146670953406339
"Q13572","ITPK1","down",0.146403187056152
"Q9Y512","SAM50","down",0.146377387091633
"O14929.1",NA,"up",0.146377387091633
"Q99LC4.187",NA,"down",0.146339311031383
"Q6ICC9","LDOCL","up",0.146303147630077
"A6NGB7","TM221","up",0.146303147630077
"Q15782","CH3L2","down",0.146170783846332
"Q9BUB4","ADAT1","up",0.146090850761398
"Q9Y6Q6","RANK","up",0.146090850761398
"Q99650","OSMR","down",0.146090850761398
"Q96H35","RBM18","up",0.146090850761398
"Q96DN0","ERP27","up",0.146090850761397
"O95149","SPN1","down",0.146090850761397
"Q01543","FLI1","down",0.146090850761397
"Q5VZF2","MBNL2","down",0.146090850761397
"O00299","NCC27","down",0.146090850761397
"P08567","PLEK","down",0.146090850761397
"Q9NUW8","TYDP1","up",0.146004672779149
"Q9NVM6","DJC17","up",0.145831793189071
"Q9H777","RNZ1","up",0.145831793189071
"Q6UWW8.1",NA,"down",0.145570470400133
"Q9NZH8","IL-1F9","down",0.145483434248881
"Q8NI08","NCOA7","down",0.145106984751271
"O14950","ML12B","down",0.145057775500949
"O75663","TIPRL","down",0.145057775500949
"Q9NZC2.1",NA,"down",0.144902981416333
"Q9NPI6","DCP1A","down",0.144710316497018
"Q8NBS9","TXND5","up",0.144529078010209
"P30043","BLVRB","up",0.144474703942209
"P78556","MIP-3a","down",0.144444336544218
"Q6UWE3","CF126","up",0.144376897455092
"O43752","Syntaxin-6","up",0.144311592889535
"O94808","GFPT2","down",0.144287914399678
"Q13137","CACO2","up",0.144003565645686
"Q14232","EI2BA","down",0.143669596567563
"Q9H3H3","CK068","down",0.143669596567563
"Q15274","NADC","down",0.143474810862459
"Q8IVU1","IGDC3:CD","up",0.143463834057809
"Q9BTE7","DCNL5","down",0.143402637106533
"P01282","Vasoactive Intestinal Peptide","up",0.143197911372841
"P14550","AK1A1","down",0.143083764495723
"Q15116.1",NA,"up",0.143083764495723
"O75326","Semaphorin-7A","up",0.143041447708821
"O75324","SNN","up",0.143031592982666
"P01833","PIGR","up",0.14296640764024
"P16619","LD78-beta","down",0.142916364911947
"P29084","T2EB","up",0.142914423290843
"Q6UWN8","ISK6","up",0.142854079092325
"Q9UBX1.1",NA,"down",0.14270716656084
"Q9NZC2","TREM2","down",0.142680539613601
"Q9UI30","TR112","down",0.142563600245657
"Q9NZC4","EHF","down",0.142396618894918
"O60602","TLR5","up",0.142396618894918
"Q6UX71.1",NA,"down",0.142280767191543
"O60218","Aldose reductase-like","down",0.142280767191543
"Q13946","PDE7A","up",0.141819996767801
"Q99LC4.80",NA,"up",0.141817728527953
"Q9H0A9","SPC1L","down",0.141804726743943
"P55345","ANM2","down",0.141804726743943
"Q9BPW9","DHRS9","down",0.141768205000337
"Q9NUJ3","T11L1","down",0.141593918146188
"O00142","KITM","up",0.141376886581831
"Q6UXN7","TO20L","up",0.140482606425742
"Q8TC92","ENOX1","up",0.140482606425742
"P05090.1",NA,"up",0.140471806102869
"Q14011","CIRBP","down",0.140460910236179
"Q2M296","MTHFSD","down",0.140434740337358
"Q96JZ2","HSH2D","down",0.140341440640655
"Q9UNP9","PPIE","down",0.14026069111325
"O95822","DCMC","up",0.140138165895614
"P78318","IGBP1","down",0.140138165895614
"P58215","LOXL3","up",0.140138165895614
"Q9NS26","SPANXA","down",0.140138165895614
"Q6IA17","SIGIRR","up",0.140138165895614
"Q8WXD5","GEMI6","down",0.140138002016604
"Q9HCQ5","GALT9","down",0.139987287648088
"Q92804","RBP56","down",0.139890866878352
"P11362","bFGF-R","up",0.139841845873993
"P43652.1",NA,"up",0.139796633167607
"Q9BV40","VAMP8","up",0.139782169899948
"P0CG47","PolyUbiquitin K48","up",0.139690658922538
"P00747.1",NA,"down",0.139625639649205
"Q99LC4.59",NA,"up",0.139443225972487
"P63173","RL38","up",0.139432105202449
"P35558","PCKGC","down",0.139257399122627
"O95399","Urotensin-II","down",0.139257399122627
"P50406","5HT6R","up",0.139134076281644
"Q9UKY0","PRND","up",0.139102196257034
"Q92185","SIA8A","down",0.138879649515164
"O00206.Q9Y6Y9",NA,"up",0.138781291763916
"P26006.P05556",NA,"down",0.138742881005297
"Q13442","HAP28","down",0.13857501703814
"Q13882","PTK6","up",0.138526803335985
"O76083","PDE9A","up",0.138512276841843
"P47989","XDH","up",0.138247719026949
"O94973","AP2A2","down",0.138245087950458
"P55082","MFAP3","up",0.138214294983642
"O95238","SPDEF","down",0.138158546312888
"Q96DU3","SLAF6","up",0.137970948922822
"P54274","TERF1","up",0.137837212218308
"P45973","CBX5","down",0.137662658250573
"A8TX70","CO6A5","up",0.137401768127562
"O75023","LIRB5","down",0.137251584557356
"Q99933","BAG-1","up",0.137251584557355
"Q9NWU1","OXSM","up",0.137251584557355
"P19875.1",NA,"down",0.137251584557355
"P11766","ADHX","up",0.137158927045911
"Q86YM7","HOME1","down",0.137106062323026
"Q96BN8","OTUL","up",0.137104758980132
"O43240","kallikrein 10","up",0.137003301583349
"Q8N129","CNPY4","down",0.136930803879289
"Q9HCN4","GPN1","up",0.136930803879289
"P60660","Myosin light polypeptide 6","up",0.136844231359359
"Q99LC4.228",NA,"down",0.136790701897001
"P83859","OX26","up",0.13650563404825
"P22234","Multifunctional protein ADE2","up",0.136451532945633
"Q96EA4","SPDLY","up",0.136224356788074
"P42224","STAT1","down",0.136183896807282
"P42224.1",NA,"down",0.136183896807282
"O95388","WISP-1","up",0.136109228032927
"O43819","SCO2","down",0.136099711947644
"Q04756","HGFA","down",0.136077773860505
"O15197","EphB6","up",0.135716448836259
"P05106.P08514.1",NA,"up",0.135621194323677
"Q9UNE7","CHIP","down",0.135619756081757
"P09871.1",NA,"up",0.135603672618525
"Q92575","UBXN4:CD 2","up",0.1355703778664
"O95897.1",NA,"up",0.135401979488841
"Q9HAP6","LIN7B","down",0.135103418677549
"O60239","3BP5","up",0.135103418677549
"Q9ULW6","NP1L2","down",0.135074172031204
"O15503","INSI1","up",0.135020359773881
"Q86WK6.1",NA,"down",0.13499521868669
"P08138","NGF R","down",0.134931008196812
"Q15329","E2F5","down",0.134890345877521
"P43220.1",NA,"down",0.134845153447497
"Q9BT88","SYT11","up",0.134747981943087
"Q9NP55","PLUNC","down",0.134563594967832
"P21810.1",NA,"down",0.134495277116996
"Q5VT25","MRCKA","down",0.134380156261541
"Q13630","FCL","up",0.134167822334928
"O14727","Apaf-1","up",0.13415609345698
"O00746","NDKM","up",0.13398635143459
"P53602.1",NA,"up",0.133911431408139
"P27352","Gastric intrinsic factor","up",0.133911431408138
"Q99LC4.120",NA,"up",0.133911431408138
"P00387","NADH-cytochrome b5 reductase","down",0.133911431408138
"Q99LC4.191",NA,"up",0.133911431408138
"Q16659","MK06","down",0.133822738225252
"Q2TBA0","KLH40","down",0.133473399744475
"P23229","Integrin a6","up",0.133327602142494
"O75339","CILP","down",0.133326844956883
"P50221","MEOX1","down",0.13311178176885
"P0DMV8.9",NA,"down",0.13311178176885
"Q6MZM9","CD040","up",0.133081316862806
"Q68G75","LEMD1","up",0.133056083931176
"Q6UXK2","ISLR2","up",0.133051184955011
"P09016","HXD4","up",0.13294105727225
"O15492","RGS16","down",0.132934898263974
"Q6P1R3","MSD2","up",0.132908882381229
"Q07889","SOS1","down",0.132343386781925
"P08195","4F2:CD","up",0.132226777839367
"Q13332","PTPRS","up",0.131963702409777
"O15392","Survivin","up",0.131613576754456
"Q6ICB4","SESQ2","up",0.130878782623618
"O95861","BPNT1","down",0.130857493971379
"O15258","RER1","up",0.130717388630868
"Q68D91","YE006","down",0.13063154187194
"Q99LC4.142",NA,"down",0.130428728071432
"Q8WYJ6","SEPT1","down",0.130414530151081
"Q13526","PIN1","up",0.130358459654534
"O00472","ELL2","down",0.130358459654534
"Q8N807","PDILT","up",0.130358459654534
"Q96HD1","CREL1","down",0.130062660171738
"Q9HD36","B2L10","down",0.129861995977721
"O43325","LYRM1","up",0.129730522562096
"Q08495","Dematin","up",0.12967589687418
"P09525","annexin IV","up",0.129619734749418
"Q9NNX6.2",NA,"down",0.129581456648115
"P78358","Cancer/testis antigen 1B","up",0.129581456648115
"P35221","CTNA1","up",0.129581456648115
"Q86YT9.1",NA,"up",0.129570787663043
"P55058.1",NA,"up",0.129543268046119
"P02765","a2-HS-Glycoprotein","down",0.129432571043887
"Q96CN7","ISOC1","down",0.129297717787804
"P49915","GUAA","down",0.129156238087319
"Q71RG4","TMUB2","down",0.12905709703803
"P30711","GSTT1","down",0.129037287196996
"P35222.1",NA,"down",0.128946125492733
"Q9P2W1","HOP2","down",0.128903341032057
"Q99LC4.199",NA,"up",0.128650621002393
"Q8WY98","TM234","down",0.128489154642219
"Q15014","MO4L2","down",0.128489154642219
"Q5HYN5","CT451","up",0.128489154642219
"Q9NWH9","SLTM","down",0.128429090854289
"Q9NQX7","ITM2C:N-term","up",0.128263538992314
"O95825","QORL1","down",0.128239528225772
"P51665","PSD7","down",0.128084262912343
"P04083","annexin I","down",0.1278517244596
"P22748","Carbonic Anhydrase IV","up",0.127672174020906
"P04632","CPNS1","up",0.127661111909102
"Q9H3S3","Spinesin","up",0.127403446018108
"O75478","TAD2A","up",0.127398085631074
"P43353","AL3B1","up",0.127356544746991
"Q03426","MVK","down",0.127356357618666
"P02808","STAT","down",0.127356357618666
"Q12792","TWF1","down",0.127331222267854
"P55210","Caspase-7","up",0.127259976056066
"O14519","CDKA1","up",0.127154900655001
"P43166","Carbonic anhydrase VII","down",0.127074449668289
"Q01201","RELB","down",0.127048805533794
"Q8TCE6","FA45A","up",0.126641234409919
"Q6UX15","Layilin","down",0.126407450328551
"P31270","HXA11","up",0.126332085907924
"Q12988","HSPB3","up",0.126105246379862
"Q13283","G3BP1","down",0.125886623892624
"O14791.1",NA,"up",0.125846896156949
"Q03431","PTH1R","down",0.125846896156949
"Q5TAT6","CODA1","up",0.125846896156949
"P16444","DPEP1","up",0.125818592526935
"P52758","Ribonuclease UK114","down",0.125363852831851
"P16435","NADPH-P450 Oxidoreductase","down",0.125363852831851
"Q99LC4.101",NA,"up",0.125363852831851
"Q8N145","LGI3","down",0.125363852831851
"Q9NPB3","CABP2","down",0.125363852831851
"Q9UM13","APC10","down",0.125358250316159
"O43281","EFS","down",0.125358250316159
"P35548","MSX-2","down",0.125358250316159
"Q16658","Fascin","down",0.125358250316159
"Q99LC4.18",NA,"down",0.125269263826066
"P13671","C6","down",0.125237658772784
"P78540","Arginase","up",0.125220445858637
"P53365","ARFP2","down",0.125119429506007
"Q96PD5","PGRP-L","up",0.125096200742869
"P22004.1",NA,"up",0.124955085502102
"P24666","PPAC","up",0.124923274996615
"Q4G0W2","DUS28","down",0.124906466061866
"Q96E11","RRFM","up",0.124864791774004
"P07738","PMGE","up",0.12483972652198
"Q8N474","SARP-2","down",0.12480409466256
"P19387","RPB3","down",0.12480409466256
"Q9ULS5","TMCC3:region 2","down",0.124454660683994
"P0C862.1",NA,"down",0.124454660683994
"Q14145.1",NA,"up",0.124152564293793
"P01024.3",NA,"down",0.124144645186248
"Q96AH8","RAB7B","up",0.1239628389285
"P18509.1",NA,"up",0.1239628389285
"P19961.1",NA,"up",0.12384570471777
"Q9H2X0","CHRD","down",0.123738063571397
"A2RUU4","COLL1","up",0.123595094235561
"P35222","b-Catenin","up",0.1233488643087
"Q9Y6F8","CDY1","up",0.123346459401781
"P12110","CO6A2","down",0.123310884978308
"P02533","K1C14","down",0.123310884978308
"Q9NP60","IL-1 sR9","down",0.123310884978308
"Q96NA8","TSNA1","down",0.123310884978308
"O95255","MRP6","down",0.123310884978308
"Q96A32","MLRS","up",0.123310884978308
"B2RUY7","VWC2L","up",0.123310884978308
"Q7Z4P5","GDF7","up",0.123310884978308
"Q6P587","FAHD1","up",0.123310884978308
"O43278","HAI-1","up",0.123310884978308
"P05106.P08514.2",NA,"up",0.123310884978308
"Q9UBB9","TFP11","up",0.123310884978308
"O60885","BRD4","up",0.123225404912807
"Q93084","AT2A3","up",0.1231791872906
"P50135","HNMT","down",0.122987659385954
"P28908","CD30","down",0.122952898329973
"P35080","Profilin II","up",0.122873736344065
"Q30KP8","DB136","down",0.122873736344065
"P63208","SKP1","up",0.122866114099295
"O60260","PRKN2","up",0.122514627291098
"P50238","CRIP1","down",0.122482564655518
"Q9UMY4","SNX12","down",0.122470083723106
"P58335","ANTR2","down",0.122360127468052
"P15516","HIS3","up",0.122354861717903
"Q8NFQ8","TOIP2","up",0.122175164210863
"O60674","JAK2","down",0.122090445987979
"O95881","TXD12","down",0.122090445987979
"P37802.1",NA,"down",0.122090445987979
"Q8TC57","M1AP","up",0.121929589506142
"O60258","FGF-17","up",0.121669323662795
"O60760","PTGD2","down",0.121408825902663
"Q30KQ7","DB113","up",0.121402838316205
"Q9UNQ2","DIM1","down",0.121394366855396
"Q9Y3D2","MSRB2","down",0.121394366855396
"O00744","WN10B","down",0.121394366855396
"O60542","Persephin","down",0.121394366855396
"Q8WUY8","NAT14","up",0.121333405622852
"Q9NWT6","HIF1N","up",0.121289971438386
"Q96SM3","CPXM1","up",0.121236647317325
"P00742.1",NA,"up",0.121229095536627
"Q9BZW8","CD244","up",0.12103495141683
"P08670","Vimentin","down",0.120832159749166
"Q53EL6","PDCD4","up",0.120525922851476
"Q6UXE8","BTNL3","up",0.120453521995725
"O43251","RBM9","up",0.120424055130052
"P09874.1",NA,"down",0.120356360731228
"Q9BPX1","DHB14","up",0.120158879455752
"P49888","SULT 1E","down",0.120158879455752
"P24821.1",NA,"down",0.120158879455752
"Q6UXH0","TD26","down",0.120158879455752
"Q1W4C9","ISK13","up",0.120158879455752
"Q08345.1",NA,"up",0.119909590487614
"O14807","RASM","down",0.119896691368723
"Q14194","DRP-1","up",0.119868195181233
"Q8TBM8","DJB14:LD","down",0.119857345312224
"Q8NEQ5","CA162","down",0.11980922185134
"P05014.1",NA,"down",0.119717455793533
"Q9ULS5.1",NA,"down",0.119606245949499
"Q13907","IDI1","down",0.119507024048192
"P78356.1",NA,"down",0.119507024048192
"Q92796","DLG3","up",0.119405349743702
"P0DMV8","HSP 70","down",0.119398831555293
"Q13253.1",NA,"up",0.119067488236225
"Q96A98","TIP39","up",0.118965063233015
"Q9NPG4","PCD12","up",0.118827931928585
"P0DMV8.5",NA,"down",0.118646450240094
"Q14DG7","T132B","up",0.118646450240094
"P18065.1",NA,"down",0.118517006209649
"Q9BXJ3.1",NA,"up",0.11848713318833
"Q6Q8B3","MO2R2","down",0.11848713318833
"Q8NHR9","PROF4","up",0.118240251584522
"P55010","eIF-5","down",0.118136776021891
"Q7Z5R6","AB1IP","down",0.118097225862358
"P19827","ITI heavy chain H1","up",0.117975015566426
"Q9UL18","AGO1","down",0.117975015566426
"O14960","LECT2","up",0.117975015566426
"P35443","TSP4","down",0.117975015566426
"P55083","MFAP4","down",0.117975015566426
"P10584.2",NA,"up",0.117975015566426
"Q15818","NPTX1","up",0.11765639700837
"P50591","TRAIL","up",0.117513307027124
"Q96LZ3","CANB2","down",0.117512414100207
"P21757.2",NA,"down",0.117398232224635
"P01178","NEU1","up",0.117398232224635
"P14635.P06493",NA,"up",0.117379551163088
"P05413.1",NA,"down",0.117249383753733
"Q8NHS0","DNJB8","down",0.117245673496315
"P13942","COL11A2","up",0.117069655759271
"P01270","Parathyroid Hormone1-34","up",0.117069655759271
"Q8WUK0","PTPM1","up",0.117069655759271
"Q9Y2Y1","RPC10","up",0.117069655759271
"O15066","KIF3B","up",0.117069655759271
"Q02246","CNTN2","down",0.117069655759271
"Q8TCY5","MRAP","down",0.117069655759271
"P02794","FRIH","down",0.117051251274674
"Q9HCU0","CD248","down",0.116911517380995
"Q9NRH1","YAED1","down",0.116778823604494
"P98179","RBM3","down",0.116667013252122
"P48304.2",NA,"up",0.116558837038754
"Q99LC4.53",NA,"up",0.116449153215081
"Q86UE6.1",NA,"up",0.11644368086127
"P02774","Gc-Globulin, Mixed Type","down",0.116268773338158
"Q5T2D2","TRML2","up",0.116268773338158
"P08833","IGFBP-1","down",0.116047839618437
"P54764.1",NA,"up",0.115847947819082
"P04141","GM-CSF","down",0.115379194639671
"Q99LC4.82",NA,"down",0.115204881964241
"P15085.1",NA,"up",0.115187780516847
"Q9HCK4.1",NA,"up",0.115035436920095
"Q96Q45","TM237","up",0.114925805347398
"Q8WY21","SORC1","down",0.114881405240275
"P01602","Ig K chain V-I region HK102-like","down",0.114807643244639
"Q8WVN8","UB2Q2","up",0.114773262064952
"Q7Z628","ARHG8","up",0.114679891365724
"Q9NZI2","KCIP1","down",0.114668188706184
"Q16619","Cardiotrophin-1","up",0.114634387556804
"Q15848","Adiponectin","down",0.114634387556804
"Q13478","IL-18 Ra","down",0.114521085384384
"Q8N8Z6","DCBD1","down",0.114369087879685
"Q01844","EWS","down",0.1143279975138
"P43652","Afamin","up",0.114214004601604
"P08476.2",NA,"up",0.114198880956214
"Q8N1E2","LYG1","up",0.114153671743811
"Q9BQI0","AIF1L","up",0.114104760448152
"P13671.P01031",NA,"up",0.114104760448152
"Q9Y259","CHKB","up",0.114104760448152
"P05452","Tetranectin","up",0.114036004513248
"P0DMV8.10",NA,"down",0.113868143972871
"P46777","RL5","down",0.113845344413411
"Q9NP81","SYSM","up",0.113777201632607
"O60575","ISK4","down",0.113673936309166
"Q93015","NAT6","down",0.113673936309166
"Q53H82","LACB2","down",0.113673936309166
"Q6P3X3","TTC27","down",0.113673936309166
"P60033","CD81","up",0.113673936309166
"P19320","VCAM-1","up",0.113673936309166
"Q96MF4","CC140","down",0.113239204223591
"Q8N8F7","CG053","down",0.11321589465313
"A6NMZ2","SNTAN","down",0.113115462769622
"Q7Z7M8","B3GN8","up",0.113074852639391
"Q5T0L3","SPT46","down",0.113059077617698
"Q8N4C9.1",NA,"down",0.112948127071575
"Q96LC9","BMF","up",0.11281941320474
"Q96RU3","FNBP1","down",0.112812272532738
"P51813","BMX","down",0.112812272532738
"Q8TCW7","ZPLD1","down",0.112812272532738
"P09228","CYTT","up",0.112812272532738
"K9M1U5","IFNL4","up",0.112697317623397
"P15692","VEGF121","down",0.112637902802482
"A1KZ92","PXDNL","up",0.112627399592386
"Q9NQT4","EXOS5","up",0.112434416698621
"P01148","GON1","down",0.112353235466445
"Q6ZMJ2","SCAR5","down",0.112165801862199
"P22894.1",NA,"down",0.112165801862199
"Q15466","SHP","up",0.112118153268961
"P06237","NOH4_RHIML","down",0.11210220969292
"P0CG29","GST2","up",0.1120915313987
"Q9UHY1","NRBP","up",0.111723092259136
"Q9Y4C5.1",NA,"up",0.111701789177984
"Q12805","FBLN3","down",0.111673874718841
"Q99LC4.10",NA,"up",0.111458912076077
"Q7Z4W2","LYZL2","down",0.111458912076077
"P26436","sperm protein 10","up",0.111378362158052
"Q99LC4.201",NA,"up",0.111346605503643
"Q9NX40","OCAD1","down",0.111013962654769
"P51884","Lumican","down",0.110992488218046
"Q9BSE4","HERP2","down",0.110938775131866
"Q96N06","SPT33","down",0.110880083038422
"Q96BW1","UPP","up",0.110871939489699
"Q9H2C0","GAN","down",0.110821940314377
"Q9H5V8","CDCP1","down",0.110821940314377
"P04233.1",NA,"up",0.110821940314377
"Q5XG99","LYSM4","up",0.110821940314377
"Q13519","PNOC","down",0.110758642641692
"Q6AZY7.1",NA,"up",0.110698317549808
"Q99728","BARD1","up",0.110553930007526
"Q8TAP4","LMO3","down",0.110553930007526
"Q5TA77","LCE3B","down",0.110545982814187
"P53803","RPAB4","up",0.110455058776802
"O14793","Myostatin","up",0.110419678090612
"Q8NDV2","GPR26","up",0.110419678090612
"Q8N142","PURA1","down",0.110419678090612
"P60981","DEST","down",0.110419678090612
"Q8WTV0","SCRB1","up",0.110419678090612
"Q9BZL1","UBL5","down",0.110419678090612
"Q7LG56.1",NA,"down",0.110419678090612
"P55287","Cadherin-11:ECD","up",0.110290516769854
"P20701","LFA-1 alpha-L chain","down",0.110290235682949
"Q8N109","KI2LA","down",0.110209906191738
"Q99828","CIB1","down",0.110110325035244
"Q9NZ53","PDXL2","down",0.110110325035244
"Q9H4F8","SMOC1","up",0.110110325035244
"Q9H3N1","TXND1","up",0.110110325035244
"Q6PCB0","VWA1","down",0.110110325035244
"P40967","GP100","up",0.110110325035244
"Q6ZRP7","QSOX2","up",0.110110325035244
"Q9NZC7","WWOX","up",0.110096103312894
"P29320","EPHA3","up",0.110058110150548
"P26022","PTX3","down",0.110058110150548
"Q6UX82","YA003","up",0.110038694166438
"P78417","GST omega-1","down",0.110004125745038
"P08069","IGF-I sR","up",0.109931139683595
"Q8TAK6","OLIG1","down",0.10986646914613
"P57771","RGS8","down",0.109826539612377
"Q6UXI7.1",NA,"up",0.109808286738546
"O95498.1",NA,"down",0.109501166604811
"P21589","5'-Nucleotidase","down",0.109411251684894
"O43175","SERA","down",0.109273620523955
"O14908.1",NA,"up",0.109273620523955
"P00915","Carbonic anhydrase I","up",0.109158408442666
"Q96DR5","SPLC2","down",0.109041199123482
"P20248.P24941",NA,"down",0.109041199123482
"Q99LC4.149",NA,"down",0.109041199123482
"Q14956.3",NA,"up",0.108723125994273
"O14770","MEIS2","down",0.1087153019273
"Q6DD88","ATLA3","up",0.108676013907263
"Q99LC4.70",NA,"up",0.108601841120144
"O75817","POP7","down",0.108580784506028
"Q99LC4.55",NA,"up",0.10857990450808
"O43761","SNG3","up",0.108487375922894
"P08246","Elastase","up",0.108487375922894
"O15391","TYY2","up",0.108487375922894
"P52657","T2AG","up",0.108487375922894
"O75356","ENTP5","up",0.108487375922894
"Q9Y6K9","IKK-gamma","down",0.108444175857621
"Q9BR61.1",NA,"down",0.108310614167065
"P23510.1",NA,"up",0.108307657905076
"P05107.P20701",NA,"down",0.108243996037734
"P10124","Platelet proteoglycan","up",0.108225420627898
"P01210","PENK","down",0.108034973266632
"P84077","ARF1","up",0.107842207890214
"Q9Y5X2","SNX8","down",0.107752249366443
"P78504.1",NA,"down",0.107701454672321
"P17181","IFN-a/b R1","down",0.107437920967029
"Q8TBQ9","KISHA","up",0.10737501116381
"Q96B26","EXOS8","down",0.107366707677476
"Q86YD5","LRAD3","down",0.107366707677476
"Q14206","RCAN2","up",0.10729903406934
"P51815","ZN75D","up",0.10728505360201
"Q9NZU1","FLRT1","up",0.107230049751231
"P13928","Annexin A8","down",0.107230049751231
"Q96NZ8","WFKN1","up",0.107230049751231
"Q96GD4","AURKB","up",0.107230049751231
"Q06323","PSME1","down",0.107230049751231
"Q5JTV8","TOIP1:Perinuclear","up",0.107230049751231
"Q6PD74","P34","down",0.107230049751231
"Q9GZV1","ANKR2","down",0.107230049751231
"Q8IW75","Vaspin","up",0.107230049751231
"Q8N5Z0","AADAT","down",0.107167030451129
"Q86T26","TM11B","up",0.107108479450192
"Q09FC8","ZN415","down",0.106967331213991
"P06727","Apo A-IV","down",0.106967331213991
"O75818","RPP40","up",0.106583125619624
"O43707","ACTN4","up",0.106558398186695
"Q99LC4.229",NA,"down",0.106305336916737
"P04745","Amylase, alpha 1A","up",0.106238787048568
"O00141","SGK1","up",0.106201664256545
"Q99941","ATF6B","up",0.106180098042901
"P43358","MAGE-4","up",0.10602746425303
"P05161","UCRP","down",0.105957899786219
"O94782.Q8TAF3",NA,"up",0.1059000716001
"Q99LC4.159",NA,"up",0.105889034832224
"Q7Z6E9","RBBP6","up",0.105868458552302
"Q03393","PTPS","down",0.10541535759845
"P35225","IL-13","up",0.10541535759845
"Q9H227","GBA3","up",0.10541535759845
"Q24JP5","T132A","down",0.10541535759845
"Q8N0X7","SPG20","up",0.105198282799767
"Q6UWL6","KIRR2","up",0.10517191388198
"Q86WN1","FCSD1","up",0.105160527606768
"Q02223","BCMA","up",0.104884965468983
"Q13620","CUL4B","down",0.104738734119889
"P40238","Thrombopoietin Receptor","up",0.10473835529896
"P01189","b-Endorphin","down",0.104727380569782
"Q9P286","PAK7","up",0.104559394897316
"Q16322","KCA10","up",0.10452608986164
"Q99LC4.46",NA,"up",0.104522956570313
"O43474","KLF4","up",0.104522956570313
"Q9UKX5","ITA11","up",0.104364038346385
"P12821","ACE","down",0.104353749206573
"Q8N2Q7","NLGN1","down",0.104353749206573
"Q5XKK7","CO017","up",0.104353749206573
"Q13145.2",NA,"up",0.104353749206573
"Q07954.2",NA,"down",0.104353749206573
"P0DJI8.1",NA,"up",0.104304260295429
"Q9Y6T7","DGKB","down",0.104237922914334
"Q6UWE0","LRSM1","down",0.103975585777351
"Q8TAD8","SNIP1","up",0.103891800830701
"P26447","S100A4","down",0.103889836256011
"Q9NRB3","CHSTC","down",0.103889836256011
"O75884","RBBP9","up",0.103889836256011
"Q495W5","FUT11","down",0.103889836256011
"P98066","TSG-6","up",0.103889836256011
"P11006","Magainin-1_XENLA","up",0.103889836256011
"P62760","VISL1","up",0.103674333631845
"P08185","CBG","up",0.103588384412667
"Q99LC4.27",NA,"up",0.103512191194258
"Q9Y6K8","Adenylate kinase isoenzyme 5","up",0.103512191194258
"Q99LC4.85",NA,"up",0.103071854664514
"Q07157","ZO1","up",0.102816038748878
"P15884","ITF2","up",0.10264915625436
"Q6MZZ7","CAN13","down",0.10264915625436
"Q99LC4.2",NA,"down",0.10264915625436
"O75022.1",NA,"up",0.10261480430429
"P18206","Vinculin","down",0.102551530786681
"Q9H7X7","IFT22","up",0.102487190311913
"Q9NSA3","CNBP1","up",0.102487190311913
"Q96A72","MGN2","down",0.102428672823793
"Q9ULG6","CCPG1","up",0.102428672823793
"Q8N9A8","NEPR1","down",0.102428672823793
"Q03591","FHR1","down",0.102428672823793
"Q9Y663","HS3SA","down",0.102403673601269
"Q14833","GRM4","down",0.102349388373229
"Q92541","RTF1","down",0.102349388373229
"Q8WU39.1",NA,"up",0.102349388373229
"P40197","GPV","up",0.102339055034394
"O14958","CASQ2","up",0.102254523497497
"Q9GZT9","EGLN1","up",0.10224672592835
"Q13596","SNX1","up",0.10222861316094
"Q8TC84","FANK1","up",0.102106781879075
"O15075","DCAK1","up",0.102106781879075
"P07288.1",NA,"up",0.10178265824474
"P51965","UB2E1","down",0.101656052416201
"O60259","kallikrein 8","up",0.101625883444073
"P02790.2",NA,"down",0.101625883444073
"Q07507","DERM","down",0.101625883444073
"Q4G0N4","NAKD2","up",0.101571205890882
"P51451","BLK","up",0.101445348253531
"Q86SR1","GLT10","down",0.101286073354109
"Q6UXG2","K1324:ECD","down",0.101034729874767
"Q03692","COAA1","up",0.100994746463684
"P0C0S5","Histone H2A.z","up",0.10083841534987
"O15488","GLYG2","up",0.100449460677551
"Q9NYM9","BET1L","up",0.100327730386505
"Q8IZP7","H6ST3","up",0.100327730386505
"Q06413","MEF2C","up",0.100327730386505
"P12036","NFH","up",0.100327730386505
"O43396","TXNL1","up",0.100127912018758
"Q13501.1",NA,"up",0.100127912018758
"Q8IUB3","WF10B","down",0.100051154297243
"P10696.1",NA,"down",0.100051154297243
"Q6UXK2.1",NA,"up",0.100026816889761
